{
  "project_info": {
    "project_number": "758921604344",
    "project_id": "car-rental-system-5f1d5",
    "storage_bucket": "car-rental-system-5f1d5.appspot.com"
  },
  "client": [
    {
      "client_info": {
        "mobilesdk_app_id": "1:758921604344:android:2501cbc72be703626b5f0d",
        "android_client_info": {
          "package_name": "com.example.carrentalsystem"
        }
      },
      "oauth_client": [
        {
          "client_id": "758921604344-mll7odeb50lug0m3drkesqt3sk6pnfam.apps.googleusercontent.com",
          "client_type": 3
        }
      ],
      "api_key": [
        {
          "current_key": "AIzaSyD5B8PdO7Zin1pwm4AbuTcajbTdtjwAY7E"
        }
      ],
      "services": {
        "appinvite_service": {
          "other_platform_oauth_client": [
            {
              "client_id": "758921604344-mll7odeb50lug0m3drkesqt3sk6pnfam.apps.googleusercontent.com",
              "client_type": 3
            }
          ]
        }
      }
    }
  ],
  "configuration_version": "1"
}